{"skewness": 1.7510895039634402, "loc": 3.370229483518819, "scale": 0.8602383746621787}