{"skewness": -1.2378577560350141, "loc": 0.5992001673401779, "scale": 0.18948924672734513}