{"skewness": 4.6875358191190575, "loc": 0.0038254016195144935, "scale": 0.00995244739039656}